{
  "timestamp": "2026-02-12T19:29:48.298141",
  "transformation": [
    [
      0.9999994024749994,
      0.0006599735088429941,
      -0.0008714841434566651,
      0.03373181154992296
    ],
    [
      -0.0006605075019641176,
      0.9999995942289281,
      -0.0006125943350912208,
      -0.00952897076156611
    ],
    [
      0.0008710794938007815,
      0.0006131695908653894,
      0.9999994326216235,
      0.028288508218901384
    ],
    [
      0.0,
      0.0,
      0.0,
      1.0
    ]
  ],
  "rmse": 0.37935028509623037,
  "thresholds": {
    "normal": 0.16185238282196224
  },
  "mesh_footprint": [
    [
      -68.44735441957724,
      -7.354254501680421
    ],
    [
      -45.54036575246943,
      -43.782433334018734
    ],
    [
      -45.32600052468287,
      -44.04471873884071
    ],
    [
      -45.07092951054744,
      -44.26817069014927
    ],
    [
      -44.78231581204913,
      -44.446529617507835
    ],
    [
      -44.46824885580613,
      -44.57477954960057
    ],
    [
      -44.13754817522621,
      -44.64932475436121
    ],
    [
      -43.79950586826219,
      -44.66808243733128
    ],
    [
      49.58687901913425,
      -46.869739228813444
    ],
    [
      50.89287397427606,
      -46.75624651486693
    ],
    [
      51.545486658975676,
      -46.69951728023482
    ],
    [
      53.4674969339108,
      -46.277513479168164
    ],
    [
      55.32044290645267,
      -45.61075577919057
    ],
    [
      57.073043002612266,
      -44.71042427184227
    ],
    [
      58.155065891959325,
      -43.96447960262468
    ],
    [
      58.69575803153478,
      -43.59163896211554
    ],
    [
      58.70103689584023,
      -43.587919148403316
    ],
    [
      60.16649521806483,
      -42.26951969793815
    ],
    [
      62.26888969175334,
      -39.917170870901835
    ],
    [
      63.21181467694992,
      -38.652784207451134
    ],
    [
      64.15458567881923,
      -37.38815062120805
    ],
    [
      65.8086895986988,
      -34.70244963848657
    ],
    [
      67.21817314111107,
      -31.88131668725347
    ],
    [
      68.37196482986052,
      -28.94709890734127
    ],
    [
      69.26098079026846,
      -25.92301334460766
    ],
    [
      69.87829283638547,
      -22.833025434446863
    ],
    [
      70.21909801632438,
      -19.701628687603204
    ],
    [
      70.28079546637609,
      -16.553623936762147
    ],
    [
      70.02942817327074,
      -12.33994274837961
    ],
    [
      69.80783308060182,
      -10.633054960240976
    ],
    [
      69.48601480905269,
      -8.154267221894811
    ],
    [
      68.80666928335881,
      -4.779048666663509
    ],
    [
      68.65325298647149,
      -4.01680963794959
    ],
    [
      67.53522544897513,
      0.05247457975725056
    ],
    [
      66.1373836101371,
      4.033972199851246
    ],
    [
      65.08216463542422,
      6.480706986399171
    ],
    [
      64.4665307785041,
      7.908509478908684
    ],
    [
      62.530820127697325,
      11.657453892535292
    ],
    [
      62.4443876501365,
      11.799628245022893
    ],
    [
      60.339629689942484,
      15.2628046296497
    ],
    [
      59.250031305022,
      16.803146382458348
    ],
    [
      57.90361196916504,
      18.707280666021134
    ],
    [
      55.23449778765837,
      21.97442305168643
    ],
    [
      52.345180278439834,
      25.04866465693289
    ],
    [
      51.53088860069915,
      25.802399404135873
    ],
    [
      49.24955906520012,
      27.915430732311606
    ],
    [
      45.96248626529174,
      30.561213723930454
    ],
    [
      42.49962850170386,
      32.973654291862836
    ],
    [
      42.2139247109891,
      33.144461079466645
    ],
    [
      38.87739289299236,
      35.1416379096431
    ],
    [
      37.045320641622844,
      36.07220385207147
    ],
    [
      35.11277958411697,
      37.05536622047695
    ],
    [
      31.638009494978743,
      38.54523256993276
    ],
    [
      29.00818389141535,
      39.6345265277096
    ],
    [
      28.069347957862707,
      40.00392708958884
    ],
    [
      27.31825364584015,
      40.292078265392526
    ],
    [
      27.101270085339976,
      40.375208201741735
    ],
    [
      26.543477677226495,
      40.5825151691284
    ],
    [
      25.802891982981855,
      40.85374709080085
    ],
    [
      24.64066852566798,
      41.266952598454935
    ],
    [
      24.32226572953419,
      41.37752298043952
    ],
    [
      23.325003741835403,
      41.716598079194526
    ],
    [
      23.09568373198648,
      41.79233229049084
    ],
    [
      22.833291798300326,
      41.87828439637433
    ],
    [
      21.995444295426093,
      42.15278336633541
    ],
    [
      21.720828216834537,
      42.23924092927287
    ],
    [
      20.46680825953254,
      42.62850462539158
    ],
    [
      20.147182442828786,
      42.72503906443571
    ],
    [
      18.978876876648428,
      43.068716245103055
    ],
    [
      18.594800563632162,
      43.17733242615304
    ],
    [
      17.876879377833383,
      43.37977728859672
    ],
    [
      16.782199120420895,
      43.67725090891871
    ],
    [
      16.19030313625655,
      43.831438182169045
    ],
    [
      14.95903323740703,
      44.141952008548635
    ],
    [
      13.444854622132793,
      44.502884199786656
    ],
    [
      13.10935322553815,
      44.581108601632124
    ],
    [
      12.659833852287212,
      44.68238984946562
    ],
    [
      12.42951083534201,
      44.73349044075573
    ],
    [
      11.461294228733248,
      44.9432946337237
    ],
    [
      10.375438387958898,
      45.165268749886636
    ],
    [
      9.727542562431646,
      45.291158353292765
    ],
    [
      9.671897555708437,
      45.301868071500316
    ],
    [
      8.992411202845522,
      45.43166226246989
    ],
    [
      8.610290864610468,
      45.50133881698411
    ],
    [
      8.456917737547396,
      45.52919508163055
    ],
    [
      8.279232970831202,
      45.561125345222784
    ],
    [
      8.075231512444526,
      45.59733740359578
    ],
    [
      7.825139315838817,
      45.64109991201491
    ],
    [
      7.51572449018211,
      45.694304577344205
    ],
    [
      6.994645468340568,
      45.78158566948724
    ],
    [
      6.524222532427361,
      45.8578739907421
    ],
    [
      6.028616368354454,
      45.936588333017696
    ],
    [
      5.658799386189804,
      45.99191787911167
    ],
    [
      5.4905586134440485,
      46.01699628376156
    ],
    [
      5.366071956302092,
      46.03533772371744
    ],
    [
      5.270249482594052,
      46.04931193368901
    ],
    [
      5.2030094307158405,
      46.05903009785359
    ],
    [
      5.151921738003796,
      46.066330624476315
    ],
    [
      5.121890538748108,
      46.07049757510173
    ],
    [
      3.1174693624500365,
      46.33988482602007
    ],
    [
      2.140022777177299,
      46.45475719248923
    ],
    [
      1.3569778254266815,
      46.53906954985917
    ],
    [
      0.48705877485032695,
      46.625387331535784
    ],
    [
      -0.22524331298446665,
      46.68817247829381
    ],
    [
      -1.440316700208257,
      46.78309877267878
    ],
    [
      -1.7733352539229756,
      46.80611538592304
    ],
    [
      -2.8165687914545456,
      46.86981047069191
    ],
    [
      -3.056471877464631,
      46.882145406207755
    ],
    [
      -3.330941222205767,
      46.895434246724
    ],
    [
      -4.009837818105183,
      46.92648123554551
    ],
    [
      -4.494198513613287,
      46.94539366188552
    ],
    [
      -5.12923790827343,
      46.96609652793521
    ],
    [
      -5.804039455864183,
      46.98137314090149
    ],
    [
      -6.137535157882478,
      46.987313181137964
    ],
    [
      -7.354855307158829,
      46.99799051532138
    ],
    [
      -7.754418650995267,
      46.99686181900688
    ],
    [
      -8.500180047548966,
      46.9923720142902
    ],
    [
