{
  "timestamp": "2026-02-12T19:30:12.345332",
  "transformation": [
    [
      0.9874599073233368,
      -0.15220164975958475,
      -0.04192361195612838,
      0.008393447764691859
    ],
    [
      0.15233540915390634,
      0.9883288537227249,
      -4.127421529281068e-06,
      0.0504390107688298
    ],
    [
      0.04143494354888295,
      -0.006382374917265692,
      0.9991208188920475,
      -0.14935240096042873
    ],
    [
      0.0,
      0.0,
      0.0,
      1.0
    ]
  ],
  "rmse": 1.0304955939698623,
  "thresholds": {
    "normal": 0.27705431915819645
  },
  "mesh_footprint": [
    [
      117.2429845225365,
      -65.59463417592355
    ],
    [
      91.82073033671983,
      98.31068794698719
    ],
    [
      90.47561137963264,
      98.31389618389483
    ],
    [
      -118.10108906252924,
      66.44146343008009
    ],
    [
      -93.22465279540441,
      -97.71288956699446
    ],
    [
      -93.203124907024,
      -97.84184866234995
    ],
    [
      -93.18162521575992,
      -97.96202562096056
    ],
    [
      -93.1616185694141,
      -98.06523286677977
    ],
    [
      -93.14446785503786,
      -98.14443838184502
    ],
    [
      -93.13134186521427,
      -98.19424422475423
    ],
    [
      -93.12313461072613,
      -98.21125865000974
    ],
    [
      -91.79185025340628,
      -98.22101501442789
    ]
  ]
}