{
  "timestamp": "2026-02-12T19:28:55.329805",
  "transformation": [
    [
      0.9999995106415371,
      -0.0002115854704598508,
      -0.000966409993528228,
      0.017464819141060812
    ],
    [
      0.00021280906224665065,
      0.9999991757328253,
      0.0012661934973253828,
      -0.024020438044401057
    ],
    [
      0.000966141288801234,
      -0.0012663985385073287,
      0.9999987314020711,
      0.01149684347670718
    ],
    [
      0.0,
      0.0,
      0.0,
      1.0
    ]
  ],
  "rmse": 0.5665604797031556,
  "thresholds": {
    "normal": 0.15
  },
  "mesh_footprint": [
    [
      96.98049911190344,
      75.3493103455193
    ],
    [
      75.30504700791099,
      97.01528342602215
    ],
    [
      74.8187053347696,
      97.45829845534544
    ],
    [
      74.28174958812725,
      97.85980009714
    ],
    [
      73.93979144758885,
      98.06256449583191
    ],
    [
      73.71436704963118,
      98.17211063645676
    ],
    [
      73.57601196396004,
      98.22926515618695
    ],
    [
      73.40639427975086,
      98.28680243636093
    ],
    [
      73.18451412180279,
      98.34330074555152
    ],
    [
      73.0230727916658,
      98.36958434427005
    ],
    [
      72.91080361656668,
      98.38148862847679
    ],
    [
      72.83369897948748,
      98.3851891729537
    ],
    [
      72.72477729026988,
      98.38323229547963
    ],
    [
      72.56776445687248,
      98.36976172001422
    ],
    [
      72.39196989797762,
      98.33969649939193
    ],
    [
      72.26932933650717,
      98.30743198741538
    ],
    [
      72.18510567466585,
      98.27955101294607
    ],
    [
      72.0669318008009,
      98.23323127129052
    ],
    [
      71.98220904072117,
      98.19420077835078
    ],
    [
      71.85422281266148,
      98.12706122882368
    ],
    [
      71.76011031737582,
      98.06916757583689
    ],
    [
      71.60937524906043,
      97.96474173487506
    ],
    [
      -68.48533228557237,
      -2.7310454023437623
    ],
    [
      -69.52597975116599,
      -3.5723878916194716
    ],
    [
      -70.40041747687376,
      -4.288607896098872
    ],
    [
      -70.98219862876466,
      -4.793384079244389
    ],
    [
      -72.25886195460279,
      -5.915383171066222
    ],
    [
      -73.78729431311976,
      -7.365364425518887
    ],
    [
      -74.05380373365075,
      -7.618253053469623
    ],
    [
      -74.92429430420502,
      -8.500108423385988
    ],
    [
      -75.7750283834357,
      -9.403216469049758
    ],
    [
      -76.6046445805538,
      -10.32830757944612
    ],
    [
      -77.41181820231965,
      -11.276114159069467
    ],
    [
      -78.19518480624612,
      -12.24737061924084
    ],
    [
      -78.95340884193001,
      -13.242810582177219
    ],
    [
      -79.68412866961725,
      -14.262380121955355
    ],
    [
      -80.38412476943763,
      -15.304460241015216
    ],
    [
      -81.05208060597242,
      -16.368201947000223
    ],
    [
      -81.68674828097875,
      -17.452789468249634
    ],
    [
      -82.28684915008586,
      -18.55740216339051
    ],
    [
      -82.85112716892391,
      -19.681227211518635
    ],
    [
      -83.37831827442943,
      -20.823446928324884
    ],
    [
      -83.86715031246187,
      -21.983246514623563
    ],
    [
      -84.31638129190823,
      -23.159358495055923
    ],
    [
      -84.72569304335791,
      -24.349502506488516
    ],
    [
      -85.09556139833607,
      -25.551985449131006
    ],
    [
      -85.42647026436448,
      -26.765146521403793
    ],
    [
      -85.71890404943338,
      -27.987330173285134
    ],
    [
      -85.97336298257964,
      -29.216876494111897
    ],
    [
      -86.19033263445728,
      -30.452123282903024
    ],
    [
      -86.3702991950448,
      -31.691411946878524
    ],
    [
      -86.5139246293978,
      -32.933240156428575
    ],
    [
      -86.62277702125505,
      -34.17706313017451
    ],
    [
      -86.69799782951459,
      -35.42206444490284
    ],
    [
      -86.74061453261382,
      -36.66734173958251
    ],
    [
      -86.75216680490283,
      -37.91192819885113
    ],
    [
      -86.7336899200081,
      -39.15515160813989
    ],
    [
      -86.68549308843309,
      -40.396538869447355
    ],
    [
      -86.60786241368962,
      -41.635620529852574
    ],
    [
      -86.50111445056582,
      -42.87191513158367
    ],
    [
      -86.36553500975093,
      -44.10495653557825
    ],
    [
      -86.20141752515168,
      -45.33425899516503
    ],
    [
      -86.00907052747328,
      -46.55935965689869
    ],
    [
      -85.7887873189287,
      -47.779772327513655
    ],
    [
      -85.54086870687053,
      -48.99502990262769
    ],
    [
      -85.26560026042402,
      -50.204649720564625
    ],
    [
      -84.9632597724335,
      -51.408168314775935
    ],
    [
      -84.63303059965332,
      -52.605193704800556
    ],
    [
      -84.27432733255337,
      -53.794904684338945
    ],
    [
      -83.8868939168885,
      -54.97635146388727
    ],
    [
      -83.470497108,
      -56.148569235963585
    ],
    [
      -83.02489560797662,
      -57.310613050997624
    ],
    [
      -82.54984790895482,
      -58.461519180050175
    ],
    [
      -82.04511968907022,
      -59.60033975684391
    ],
    [
      -81.5104685991029,
      -60.72611970762136
    ],
    [
      -80.9456517983908,
      -61.83790824611426
    ],
    [
      -80.3504182966427,
      -62.93475118706542
    ],
    [
      -79.72451763559162,
      -64.01553685659485
    ],
    [
      -79.06799533366969,
      -65.07841691734275
    ],
    [
      -78.38167229219098,
      -66.1225049429969
    ],
    [
      -78.36573760085652,
      -66.14648876910664
    ],
    [
      -77.6515429300977,
      -67.17191679548453
    ],
    [
      -76.90877691588783,
      -68.1766935835447
    ],
    [
      -76.13823800592093,
      -69.15992157947154
    ],
    [
      -75.34110572542797,
      -70.12111594847266
    ],
    [
      -74.51855982693989,
      -71.05982998520453
    ],
    [
      -73.67178046762636,
      -71.9756320692658
    ],
    [
      -72.80195607095895,
      -72.86808260200102
    ],
    [
      -71.90889617615163,
      -73.7372735465471
    ],
    [
      -70.99210416569584,
      -74.58300644190838
    ],
    [
      -70.0522869185902,
      -75.40436784890016
    ],
    [
      -69.09015124856826,
      -76.20045995532477
    ],
    [
      -68.10639645212667,
      -76.97036224964883
    ],
    [
      -67.10174465299269,
      -77.71318505806747
    ],
    [
      -66.07689505250609,
      -78.42800846024902
    ],
    [
      -65.0325542154236,
      -79.11394347257087
    ],
    [
      -63.96943262287205,
      -79.77007070257709
    ],
    [
      -62.88841702887003,
      -80.39556957772349
    ],
    [
      -61.791355711741055,
      -80.99039533314215
    ],
    [
      -60.67936018699005,
      -81.55479889269328
    ],
    [
      -59.55338448484367,
      -82.08903164491434
    ],
    [
      -58.41437923712896,
      -82.59333682282849
    ],
    [
      -57.26329936052156,
      -83.06795716522699
    ],
    [
      -56.10109256602113,
      -83.513127375542
    ],
    [
      -54.9287224218659,
      -83.9290893447043
    ],
    [
      -53.74713371666767,
      -84.31608474105897
    ],
    [
      -52.5572910996489,
      -84.67434718150962
    ],
    [
      -51.36014419214471,
      -85.0041330821465
    ],
    [
      -50.156513881495414,
      -85.30602817400634
    ],
    [
      -48.94679172738468,
      -85.58084926206905
    ],
    [
      -47.731441284070314,
      -85.82831869151683
    ],
    [
      -46.51094530486896,
      -86.04815103767096
    ],
    [
      -45.28577099387141,
      -86.24004563070953
    ],
    [
      -44.05640464062278,
      -86.40370931304092
    ],
    [
      -42.82330920257574,
      -86.538833688935
    ],
    [
      -41.58697052293298,
      -86.64512546821007
    ],
    [
