{
  "timestamp": "2026-02-12T19:28:25.246012",
  "transformation": [
    [
      0.6474261495885737,
      -0.7621281468248089,
      0.00026200438037223635,
      0.0009131634708467364
    ],
    [
      0.7621281918333843,
      0.6474261083949303,
      -0.0002310440908542915,
      -0.0009677456911194502
    ],
    [
      6.456728430804723e-06,
      0.00034926491079262454,
      0.9999999389861641,
      -2.631467143077761
    ],
    [
      0.0,
      0.0,
      0.0,
      1.0
    ]
  ],
  "rmse": 0.40261710837636383,
  "thresholds": {
    "normal": 0.19318856298923492
  },
  "mesh_footprint": [
    [
      20.831557680265405,
      -20.72267805409363
    ],
    [
      21.512906063632073,
      -20.56083564522244
    ],
    [
      22.030905233791433,
      -20.413188582443883
    ],
    [
      22.496932361181994,
      -20.265506458196963
    ],
    [
      22.912655794643737,
      -20.11842182103548
    ],
    [
      23.685899435374477,
      -19.79941341356255
    ],
    [
      24.089214211965274,
      -19.61644770016903
    ],
    [
      25.031681062567756,
      -19.12837748541556
    ],
    [
      25.506457945898713,
      -18.850256607560507
    ],
    [
      26.01362476557814,
      -18.522324983402182
    ],
    [
      26.455478686006494,
      -18.223927107602375
    ],
    [
      26.81053726267137,
      -17.959304409785496
    ],
    [
      27.323368013942357,
      -17.54636110558429
    ],
    [
      27.791960326895147,
      -17.133458242656346
    ],
    [
      28.217111384706705,
      -16.72048183163219
    ],
    [
      28.465721249750494,
      -16.463374014571208
    ],
    [
      28.81061547433278,
      -16.1057893763192
    ],
    [
      29.09416736947482,
      -15.772824440713713
    ],
    [
      29.3512412758964,
      -15.463209153068478
    ],
    [
      29.761186599606116,
      -14.931186762649745
    ],
    [
      30.2206505672992,
      -14.270855330758929
    ],
    [
      30.519174842963658,
      -13.789807126356752
    ],
    [
      30.79459213629841,
      -13.331434334234713
    ],
    [
      31.10541325700827,
      -12.768991528456171
    ],
    [
      31.38330229957342,
      -12.208870925788283
    ],
    [
      31.586396539321342,
      -11.78822719575865
    ],
    [
      31.83324658943141,
      -11.212290998401416
    ],
    [
      32.088713607298786,
      -10.548468791536216
    ],
    [
      32.33985141867965,
      -9.829102217503046
    ],
    [
      32.48589026381592,
      -9.36757440522796
    ],
    [
      32.58633608909645,
      -9.008082716529275
    ],
    [
      32.82907231726707,
      -8.111039159254178
    ],
    [
      32.91338448834717,
      -7.73251141688336
    ],
    [
      33.06375848253894,
      -7.037504986519156
    ],
    [
      33.181500695735636,
      -6.4036579493289825
    ],
    [
      33.256250078985275,
      -5.959296121140096
    ],
    [
      33.40428094634391,
      -4.901916589092623
    ],
    [
      33.49072888150113,
      -4.056611274783847
    ],
    [
      33.567441236711886,
      -3.0001010920589364
    ],
    [
      33.62491192662522,
      -1.8314225578744627
    ],
    [
      33.641237125962334,
      -0.7309742731828153
    ],
    [
      33.64454811303344,
      -0.3978392374101003
    ],
    [
      33.614500378563065,
      0.7708121396444725
    ],
    [
      33.548265886515985,
      1.9291243742289446
    ],
    [
      33.41884587563298,
      3.3037610142286638
    ],
    [
      33.291821695075875,
      4.345658609968915
    ],
    [
      33.168744513898865,
      5.186707443717477
    ],
    [
      33.02378157817257,
      6.054978262341876
    ],
    [
      32.86098197598108,
      6.930830227435623
    ],
    [
      32.741005573658896,
      7.516796281756974
    ],
    [
      32.49858889134566,
      8.596875723886187
    ],
    [
      32.30357281744762,
      9.368117513727762
    ],
    [
      32.23033558160791,
      9.650107154121145
    ],
    [
      31.965967615491902,
      10.589116866005304
    ],
    [
      31.711239467489424,
      11.424417254770649
    ],
    [
      31.470598886780245,
      12.162569662281156
    ],
    [
      31.174280371250518,
      13.006549450277921
    ],
    [
      30.931471344346914,
      13.677159925229436
    ],
    [
      30.796441869824527,
      14.040490023119201
    ],
    [
      30.595386315802152,
      14.557269056899337
    ],
    [
      30.360748858465918,
      15.125832533989445
    ],
    [
      29.878309042773704,
      16.264718050139997
    ],
    [
      29.6117559583999,
      16.851671706339886
    ],
    [
      29.165329864996465,
      17.794115645434854
    ],
    [
      28.665772732601653,
      18.770780023751062
    ],
    [
      28.390328112152815,
      19.29636058468513
    ],
    [
      27.994791562738992,
      20.047362553753928
    ],
    [
      27.479923681890757,
      20.946213442094134
    ],
    [
      27.07781722752768,
      21.61142696537795
    ],
    [
      26.199241929608448,
      22.962068931377164
    ],
    [
      25.86127829232431,
      23.45790910918398
    ],
    [
      25.143348509552673,
      24.452610570874864
    ],
    [
      24.792155049991248,
      24.923388644574093
    ],
    [
      24.395325870673236,
      25.435142721494447
    ],
    [
      23.823528917964854,
      26.13065297437341
    ],
    [
      23.336899416628043,
      26.711732236986816
    ],
    [
      23.202008574943694,
      26.861741279023267
    ],
    [
      22.414051520241365,
      27.725848787749705
    ],
    [
      21.857598208530998,
      28.299139075459074
    ],
    [
      21.600900522184755,
      28.55597362374229
    ],
    [
      21.52097236112918,
      28.634497877783822
    ],
    [
      21.086247931701756,
      29.05766871948069
    ],
    [
      20.087625242987734,
      29.955014548896077
    ],
    [
      19.523901271445773,
      30.42651767951489
    ],
    [
      18.59600781512303,
      31.138639811985982
    ],
    [
      17.82837526975524,
      31.677912079115313
    ],
    [
      17.38242407780044,
      31.96116357536381
    ],
    [
      16.862616102216656,
      32.27067657793606
    ],
    [
      16.021771158359737,
      32.74019244006645
    ],
    [
      15.34175046516692,
      33.07578052848113
    ],
    [
      15.002148755281965,
      33.2379740515399
    ],
    [
      14.723123127104204,
      33.35196572081578
    ],
    [
      14.449807673117363,
      33.462750971865624
    ],
    [
      13.967850617082345,
      33.647377360459515
    ],
    [
      13.487217947874347,
      33.823375563422786
    ],
    [
      13.221760944743592,
      33.901601906511786
    ],
    [
      12.797523266712528,
      34.02103661823286
    ],
    [
      12.510625908724089,
      34.10064468815547
    ],
    [
      12.160845457269343,
      34.1861250923053
    ],
    [
      11.487282649594285,
      34.32554162209387
    ],
    [
      11.394814707830877,
      34.339705982837735
    ],
    [
      10.63977252191424,
      34.451000124888886
    ],
    [
      9.87773719708803,
      34.512635026923476
    ],
    [
      9.659045626837864,
      34.52626480886765
    ],
    [
      9.19230041237104,
      34.53914176169727
    ],
    [
      8.473617655587473,
      34.52652292107187
    ],
    [
      7.908036428244263,
      34.49381969809304
    ],
    [
      7.246894677851251,
      34.43645323371957
    ],
    [
      6.848416341330012,
      34.386354538699024
    ],
    [
      0.31652960824889564,
      33.434274564651375
    ],
    [
      -0.3272631100274543,
      33.32102719420994
    ],
    [
      -0.7154526280533587,
      33.23752836787743
    ],
    [
      -1.508921991576488,
      33.04081338990091
    ],
    [
      -2.218840492862558,
      32.83206599878176
    ],
    [
      -2.7736304312478177,
      32.64271899332054
    ],
    [
      -3.084208972312177,
      32.52419477478982
    ],
    [
