{
  "timestamp": "2026-02-12T19:30:40.766385",
  "transformation": [
    [
      0.9665678575046687,
      0.18633276545688732,
      0.1761439109251922,
      -0.6172034765938514
    ],
    [
      0.15433316709123931,
      -0.9713607934983213,
      0.1806640041344664,
      -7.260420668331983
    ],
    [
      0.20476291259508195,
      -0.1474391717675433,
      -0.9676434468615387,
      3.8095619314810154
    ],
    [
      0.0,
      0.0,
      0.0,
      1.0
    ]
  ],
  "rmse": 1.5473217974116162,
  "thresholds": {
    "normal": 9.98139488697052
  },
  "mesh_footprint": [
    [
      13.591662756530042,
      11.387725407245963
    ],
    [
      10.599156466047301,
      11.010094062580825
    ],
    [
      -20.399736791698004,
      0.43801332083396605
    ],
    [
      -20.925570760294875,
      0.14749494776707484
    ],
    [
      -21.387482795616968,
      -0.23964020872805367
    ],
    [
      -22.879676040786503,
      -1.6312941636945433
    ],
    [
      -24.262773702149712,
      -3.0401622009290477
    ],
    [
      -24.643554284999283,
      -3.678669293558603
    ],
    [
      -25.27503263067635,
      -4.7385137445785395
    ],
    [
      -25.524214007282506,
      -5.21249733929027
    ],
    [
      -26.090581022247125,
      -7.07358134634078
    ],
    [
      -26.20030467041393,
      -9.033891166294513
    ],
    [
      -25.84548477344158,
      -10.983443098339155
    ],
    [
      -25.527698258140305,
      -11.712128770119316
    ],
    [
      -25.046689217246648,
      -12.809685615811699
    ],
    [
      -23.848900899020112,
      -14.410081704680008
    ],
    [
      -22.32264978298335,
      -15.69406481241084
    ],
    [
      -21.656533376787475,
      -16.03138708102034
    ],
    [
      -20.554215249527278,
      -16.589572283827252
    ],
    [
      -18.649280754112887,
      -17.04533771467133
    ],
    [
      17.03922612980099,
      -18.859688066997492
    ],
    [
      19.806146284802335,
      -17.83375472331783
    ],
    [
      22.290967233333916,
      -16.25660851290429
    ],
    [
      24.385103714771716,
      -14.193402198921476
    ],
    [
      25.999617990633553,
      -11.73222884619967
    ],
    [
      27.071925346390827,
      -9.730283194724409
    ],
    [
      28.14119587904362,
      -6.953482086018261
    ],
    [
      28.6125554569987,
      -4.007033965187691
    ],
    [
      28.463087538465583,
      -1.0187821030087882
    ],
    [
      27.70154238639548,
      1.8865199474424492
    ],
    [
      26.35897814756204,
      4.58365005234667
    ],
    [
      24.49344993310823,
      6.958904091111463
    ],
    [
      22.870428505828897,
      8.333101320336072
    ],
    [
      22.18059277063412,
      8.902603247348534
    ],
    [
      19.509364605206223,
      10.313036001808602
    ],
    [
      16.730322806658585,
      11.116308901272532
    ],
    [
      16.604430310876072,
      11.152665386328973
    ]
  ]
}