{
  "timestamp": "2026-02-12T19:28:22.199222",
  "transformation": [
    [
      0.22070091219920174,
      -0.97439483191724,
      0.04296299439533075,
      4.392391315880461
    ],
    [
      0.9753201930358095,
      0.22077325854309748,
      -0.0031127751048207588,
      0.20967799904416928
    ],
    [
      -0.006452008294368219,
      0.042589668292154936,
      0.99907181510827,
      0.16654131392308047
    ],
    [
      0.0,
      0.0,
      0.0,
      1.0
    ]
  ],
  "rmse": 0.4445393301649548,
  "thresholds": {
    "normal": 0.9684918206185102
  },
  "mesh_footprint": [
    [
      -17.29725082997315,
      1.5966189315791828
    ],
    [
      -17.329591165553854,
      0.9130106972495943
    ],
    [
      -17.20903092462569,
      -2.192874511081592
    ],
    [
      -17.123323186727564,
      -2.872062029283827
    ],
    [
      -16.46464185234385,
      -5.909747987672647
    ],
    [
      -16.261672279970714,
      -6.563954601945607
    ],
    [
      -15.08686408016959,
      -9.441414307461145
    ],
    [
      -14.77367582325579,
      -10.049701814658457
    ],
    [
      -13.11671429804218,
      -12.679778739126698
    ],
    [
      -12.703302995315076,
      -13.22481363957642
    ],
    [
      -10.615487722112903,
      -15.526054839599121
    ],
    [
      -10.113167289122382,
      -15.99133475759117
    ],
    [
      -7.658407226826249,
      -17.89547488888439
    ],
    [
      -7.083013883966627,
      -18.26560970958187
    ],
    [
      -4.334774285988405,
      -19.713096059793653
    ],
    [
      -3.704499728926384,
      -19.978508607379815
    ],
    [
      -0.7454238392546748,
      -20.926871227932896
    ],
    [
      -0.07955823081750044,
      -21.077883060313606
    ],
    [
      2.999096574404551,
      -21.498802086657424
    ],
    [
      3.2071549522458844,
      -21.513795152708145
    ],
    [
      3.890254625503829,
      -21.54592804979118
    ],
    [
      6.993743716495866,
      -21.42412816127591
    ],
    [
      7.672388362715111,
      -21.33808605042427
    ],
    [
      10.707562584620293,
      -20.677632176413244
    ],
    [
      11.361209754188646,
      -20.474221500434012
    ],
    [
      14.236126559335123,
      -19.297213044426606
    ],
    [
      14.843858921773398,
      -18.983501457723783
    ],
    [
      17.471457126334272,
      -17.324017441462015
    ],
    [
      18.01596121320906,
      -16.910024802172018
    ],
    [
      20.314887039668637,
      -14.819476356107932
    ],
    [
      20.77968214988592,
      -14.316539655823421
    ],
    [
      22.681764831944612,
      -11.85894829629095
    ],
    [
      23.0514832017959,
      -11.282929291997473
    ],
    [
      24.497266345910848,
      -8.531871119774507
    ],
    [
      24.762349327521825,
      -7.900986710152042
    ],
    [
      25.709452947010114,
      -4.9392120016953935
    ],
    [
      25.860243942020332,
      -4.27277477005216
    ],
    [
      26.280436568046873,
      -1.1916377287941415
    ],
    [
      26.312776903627576,
      -0.5080294944645531
    ],
    [
      26.192216662699412,
      2.5978557138666334
    ],
    [
      26.106508924801286,
      3.277043232068868
    ],
    [
      25.447827590417575,
      6.314729190457688
    ],
    [
      25.244858018044436,
      6.968935804730648
    ],
    [
      24.07004981824331,
      9.846395510246186
    ],
    [
      23.756861561329508,
      10.454683017443498
    ],
    [
      22.099900036115898,
      13.08475994191174
    ],
    [
      21.686488733388796,
      13.629794842361461
    ],
    [
      19.598673460186625,
      15.931036042384163
    ],
    [
      19.096353027196106,
      16.396315960376214
    ],
    [
      16.64159296489997,
      18.300456091669435
    ],
    [
      16.06619962204035,
      18.670590912366908
    ],
    [
      13.317960024062128,
      20.118077262578698
    ],
    [
      12.687685467000104,
      20.38348981016486
    ],
    [
      9.728609577328395,
      21.331852430717934
    ],
    [
      9.06274396889122,
      21.482864263098644
    ],
    [
      5.98408916366917,
      21.90378328944247
    ],
    [
      5.776030785827836,
      21.91877635549319
    ],
    [
      5.092931112569891,
      21.950909252576224
    ],
    [
      1.9894420215778534,
      21.829109364060947
    ],
    [
      1.3107973753586089,
      21.743067253209315
    ],
    [
      -1.7243768465465728,
      21.082613379198282
    ],
    [
      -2.3780240161149266,
      20.87920270321905
    ],
    [
      -5.252940821261401,
      19.70219424721165
    ],
    [
      -5.860673183699676,
      19.388482660508828
    ],
    [
      -8.488271388260547,
      17.728998644247053
    ],
    [
      -9.03277547513534,
      17.315006004957056
    ],
    [
      -11.331701301594919,
      15.224457558892974
    ],
    [
      -11.7964964118122,
      14.72152085860846
    ],
    [
      -13.698579093870892,
      12.263929499075992
    ],
    [
      -14.068297463722175,
      11.687910494782514
    ],
    [
      -15.514080607837126,
      8.936852322559549
    ],
    [
      -15.779163589448103,
      8.305967912937083
    ],
    [
      -16.726267208936388,
      5.344193204480435
    ],
    [
      -16.87705820394661,
      4.677755972837201
    ]
  ]
}